ID,Email,Nom,Adresse
Integer,String,String,String
29700726,6clb3xym,piw40fdk,tp3ietes
30867326,m9xutjty,d4nzk3i5,rtrehghl
70852415,26g7by8q,urfgesfg,2d3gqvms
5143450,4dv80xka,k31iiv8b,rw44tirp
70097712,44h1r8cn,btbbawbb,9gilj9tc
50814828,0z7ui8al,t3bqixnt,dzxce1ju
24028463,kskimd2a,5p57an40,nvarjh8i
1106843,e9ethc59,bps3vz2p,hhcxhf2i
3365334,vu19qspz,cizb3k99,dyrc3m9e
69143856,ppdhjdeu,4svkysfb,9ec4v086
96273204,vczoe7t5,8lrm0cw6,o92bdyg6
99701885,9tbp6q9t,hq06gxia,dy6upjbk
31385629,z0h6bu2i,b886wkt2,f6jabtmc
54966601,nrj1vipb,bld927un,edbah7v1
9386254,t50b4q87,wchozpz8,8ahckn1f
63974052,02l7edo4,j5jzyn2x,2xsmca8w
83457892,5xngmd1h,g03fmtr6,e6h1uv8q
13730427,ufc9lwr6,lzqrctjq,c9vegz8j
98679614,vxg0diuo,mgvtkjgy,yq6entk8
96173833,ndhv7qiw,wl6ja8q0,oh2u87hs
84876428,v3m7cqa8,ts3c9sk9,jo8d74wz
15659781,mak96jhg,iceiysth,hjvmdg85
29415033,8f14gx5o,j0tjr0ur,f9f4r8j0
12088714,mv4xcr2q,rma6km5y,6x7hqjt2
70465358,pqd1r6vi,pgpncb8z,leiqya52
34777884,e7hm4bvb,uifoue5a,x5hzxj46
8346444,txitqxpi,ilkseoq5,32a1t52e
70402312,oh6lnde5,4hqapu3p,2zrthsdt
45344054,crvrnuu6,cvpc7cmu,su8ivglt
57544434,i256kqke,fr75hifu,imtgxwzy
21986757,y15r55ee,ervshwhw,9nym48lx
22415643,3mpdaof4,ggfyyadj,hok582fl
10919421,msxfv980,v6gv2sns,c5dvb4ra
21024531,xndg1fm4,edc1a0hx,mgxummkm
75503390,fp71b129,v47v7fpf,ub57tl0p
37407092,ps1tk0py,uzxog0qh,drktdqao
67948883,95fh3r6q,dsilyh02,5cm0yi93
44507843,eubbvrwz,5vsrapdr,p79i1id5
76557135,6ios2e1y,dpknmwix,onb96v47
1973969,w00q0hmp,wkyblkno,7216ufml
80490620,931vog3j,qt7my08e,4l4oe1rk
25626005,yuw446oe,1tirbxcb,v78jhew4
6934108,sn6zi17s,5ag37q37,refxobwj
87889896,jjw86aqt,fw4fetb0,ai30gmck
34655221,1d5k5o9r,m2y24gz5,3iaiouvb
82270141,vbz2n8c1,e07krz82,nocpfdhd
51480621,bhbq23dy,3e65w6hb,alyfyrqo
32328821,0axw9nl2,fbx1qscx,1ju6k9lt
54295608,rqk7w262,2gw4dh2p,d7ncfs9r
34989285,272cwca2,f7rvupum,fhwnytd6
8636071,5bqwardr,omfpdpzc,tv2wd9k8
76747692,g79bdyev,z8xwkt7v,ywxo03tn
42119729,opxed5dw,kjea0n6a,ok9f21qc
41054377,rr8wgbmz,abqi3mi0,0a9xum4c
89769026,xmjnw01s,u4h6tv8l,b6eq8xi0
66286363,9jcydjad,4r4mmm1o,rbwqghno
99183154,b2h5o7p3,9djy47pg,s7j24o1j
11001488,f7zr6a9w,27xivro1,ahczkrpr
25556842,65gzga7s,725prgqw,kktakyyu
20234645,hq24lx17,vwbvxw5x,umbb9jjs
38316423,3grftqk6,pfhmj4ea,d6xz0qyf
61221688,lbup6xx7,28gigy1f,6v4yc6du
36809367,ib3u4rpq,u9qm26kz,7ro7ar1o
45932825,e98byntl,p8s9ayif,behksp3p
47764552,wuju4rjv,8vazd9g9,45rs4uq9
82044071,l7t3mzdq,6w8ypd16,zo7tx587
94422376,y00xhzhd,2es7ymng,c9wi9bgi
83413397,vd8lue76,4dtkfeca,n0c0unzo
80163885,3sn4yfk4,dxkasbjg,a0kd3x9g
29762173,0xx5gpks,fc1he7u1,zcljd5s7
88556551,vp1qpx9y,t927d2mm,5t6voqd7
36158164,3zmaz0ve,fx2ugj3a,msx053vm
38954023,bzmx017o,0bptlab2,ch45ox19
83183046,8n5bwsuj,5tkj54ht,kay0ezwz
50673015,3vk52rp3,exhdlu72,p2nbvpjj
64536249,sqankk9m,l5tgxcvb,86tz40s9
9420278,6umqzn3b,hnasg69p,i8c9jgpv
40532116,vd9kz5av,da3pby46,pnusqazl
23716541,jvdp1jce,v2ib9a0t,pg3fvpqd
92804964,4jtt4dm2,g4h6qhej,ma53ivqf
34784764,del5ozg6,uz493hm2,q12hoe3w
70925849,p8slrrp1,6i8epfq2,xvr7k1dt
55522734,819h2qov,0u1gpl05,7yho8ytr
7996932,a59j340m,xtz4s3kf,76bks62y
69111825,m2m8odux,lqtb6gyf,z9jd4dm5
76128167,mq21nacy,xvt1vky8,16x2ar2q
98435638,6sl13rjj,t866mx65,kz0hrtpl
9583197,2vg1bwtv,6x98cspy,jt2bcz04
48266251,b00isvea,1yp1gbxg,btv3j8bk
62935487,eh49yxt3,dcjo06iv,dosz8ux6
34157354,ci4df7m4,ac7ghqam,j0pbyxcc
2493533,is2dy27q,6maybi0n,ip5mhl1z
7760334,b1kcsnrf,dfnq03pl,efz834no
74289101,y9lsgf67,2ih694t7,7cv4m6em
7011479,43txnaw1,699e0ak3,hgc3oxhl
12891494,vsbxl96f,z8tgjdeu,wenefonj
42048427,bywnp5ag,0b9o9jcz,9fd9r90e
78092586,hwucn992,uz4ftrdv,wp7vp786
41087239,e59ks52w,z7xesncd,obocss9s
46043246,yxl1agj6,pu4v3ogs,6vqplctt
